<?xml version="1.0" encoding="UTF-8" ?>

<Form version="1.3" maxVersion="1.9" type="org.netbeans.modules.form.forminfo.JFrameFormInfo">
  <Properties>
    <Property name="defaultCloseOperation" type="int" value="2"/>
    <Property name="title" type="java.lang.String" value="Dados dos Clientes"/>
  </Properties>
  <SyntheticProperties>
    <SyntheticProperty name="formSizePolicy" type="int" value="1"/>
    <SyntheticProperty name="generateCenter" type="boolean" value="true"/>
  </SyntheticProperties>
  <Events>
    <EventHandler event="windowClosed" listener="java.awt.event.WindowListener" parameters="java.awt.event.WindowEvent" handler="formWindowClosed"/>
  </Events>
  <AuxValues>
    <AuxValue name="FormSettings_autoResourcing" type="java.lang.Integer" value="0"/>
    <AuxValue name="FormSettings_autoSetComponentName" type="java.lang.Boolean" value="false"/>
    <AuxValue name="FormSettings_generateFQN" type="java.lang.Boolean" value="true"/>
    <AuxValue name="FormSettings_generateMnemonicsCode" type="java.lang.Boolean" value="false"/>
    <AuxValue name="FormSettings_i18nAutoMode" type="java.lang.Boolean" value="false"/>
    <AuxValue name="FormSettings_layoutCodeTarget" type="java.lang.Integer" value="1"/>
    <AuxValue name="FormSettings_listenerGenerationStyle" type="java.lang.Integer" value="0"/>
    <AuxValue name="FormSettings_variablesLocal" type="java.lang.Boolean" value="false"/>
    <AuxValue name="FormSettings_variablesModifier" type="java.lang.Integer" value="2"/>
  </AuxValues>

  <Layout>
    <DimensionLayout dim="0">
      <Group type="103" groupAlignment="0" attributes="0">
          <Group type="102" attributes="0">
              <EmptySpace max="-2" attributes="0"/>
              <Group type="103" groupAlignment="0" attributes="0">
                  <Component id="jPanel2" max="32767" attributes="0"/>
                  <Group type="102" attributes="0">
                      <Component id="jPanel1" max="32767" attributes="0"/>
                      <EmptySpace type="separate" max="-2" attributes="0"/>
                      <Component id="jPanel3" min="-2" max="-2" attributes="0"/>
                  </Group>
              </Group>
              <EmptySpace max="-2" attributes="0"/>
          </Group>
      </Group>
    </DimensionLayout>
    <DimensionLayout dim="1">
      <Group type="103" groupAlignment="0" attributes="0">
          <Group type="102" alignment="1" attributes="0">
              <EmptySpace max="-2" attributes="0"/>
              <Component id="jPanel2" min="-2" max="-2" attributes="0"/>
              <EmptySpace min="-2" pref="22" max="-2" attributes="0"/>
              <Group type="103" groupAlignment="1" attributes="0">
                  <Component id="jPanel3" min="-2" max="-2" attributes="0"/>
                  <Component id="jPanel1" min="-2" max="-2" attributes="0"/>
              </Group>
              <EmptySpace max="32767" attributes="0"/>
          </Group>
      </Group>
    </DimensionLayout>
  </Layout>
  <SubComponents>
    <Container class="javax.swing.JPanel" name="jPanel1">
      <Properties>
        <Property name="border" type="javax.swing.border.Border" editor="org.netbeans.modules.form.editors2.BorderEditor">
          <Border info="org.netbeans.modules.form.compat2.border.TitledBorderInfo">
            <TitledBorder title="Dados Clientes"/>
          </Border>
        </Property>
      </Properties>
      <AccessibilityProperties>
        <Property name="AccessibleContext.accessibleName" type="java.lang.String" value="Cadastro de Clientes"/>
      </AccessibilityProperties>

      <Layout>
        <DimensionLayout dim="0">
          <Group type="103" groupAlignment="0" attributes="0">
              <Group type="102" attributes="0">
                  <EmptySpace max="-2" attributes="0"/>
                  <Group type="103" groupAlignment="0" attributes="0">
                      <Group type="102" alignment="0" attributes="0">
                          <Component id="jLabel3" min="-2" max="-2" attributes="0"/>
                          <EmptySpace min="-2" pref="519" max="-2" attributes="0"/>
                      </Group>
                      <Group type="102" alignment="0" attributes="0">
                          <Group type="103" groupAlignment="0" attributes="0">
                              <Component id="jLabel2" alignment="0" min="-2" max="-2" attributes="0"/>
                              <Component id="jLabel1" alignment="0" min="-2" max="-2" attributes="0"/>
                              <Component id="jLabel4" alignment="0" min="-2" max="-2" attributes="0"/>
                              <Component id="jLabel5" alignment="0" min="-2" max="-2" attributes="0"/>
                              <Component id="jLabel6" alignment="0" min="-2" max="-2" attributes="0"/>
                              <Component id="jLabel7" alignment="0" min="-2" max="-2" attributes="0"/>
                          </Group>
                          <EmptySpace max="-2" attributes="0"/>
                          <Group type="103" groupAlignment="0" attributes="0">
                              <Component id="jT5Endereco" max="32767" attributes="0"/>
                              <Group type="102" attributes="0">
                                  <Group type="103" groupAlignment="0" attributes="0">
                                      <Component id="jT6Fone" alignment="0" min="-2" pref="189" max="-2" attributes="0"/>
                                      <Component id="jT1Nome" min="-2" pref="400" max="-2" attributes="0"/>
                                      <Component id="jT0Id" alignment="0" min="-2" pref="97" max="-2" attributes="0"/>
                                      <Group type="102" alignment="0" attributes="0">
                                          <Group type="103" groupAlignment="0" max="-2" attributes="0">
                                              <Component id="jT3Sexo" min="-2" pref="98" max="-2" attributes="0"/>
                                              <Group type="102" attributes="0">
                                                  <Component id="jT2DataDia" linkSize="6" min="-2" pref="37" max="-2" attributes="0"/>
                                                  <EmptySpace max="-2" attributes="0"/>
                                                  <Component id="jLabel9" min="-2" pref="15" max="-2" attributes="0"/>
                                                  <EmptySpace min="-2" max="-2" attributes="0"/>
                                                  <Component id="jT2DataMes" linkSize="6" min="-2" pref="37" max="-2" attributes="0"/>
                                              </Group>
                                          </Group>
                                          <EmptySpace min="-2" max="-2" attributes="0"/>
                                          <Component id="jLabel10" min="-2" pref="15" max="-2" attributes="0"/>
                                          <EmptySpace max="-2" attributes="0"/>
                                          <Component id="jT2DataAno" min="-2" pref="65" max="-2" attributes="0"/>
                                      </Group>
                                      <Component id="jT4Cpf" alignment="0" min="-2" pref="190" max="-2" attributes="0"/>
                                  </Group>
                                  <EmptySpace min="0" pref="0" max="32767" attributes="0"/>
                              </Group>
                          </Group>
                      </Group>
                  </Group>
                  <EmptySpace max="-2" attributes="0"/>
              </Group>
          </Group>
        </DimensionLayout>
        <DimensionLayout dim="1">
          <Group type="103" groupAlignment="0" attributes="0">
              <Group type="102" alignment="1" attributes="0">
                  <EmptySpace max="32767" attributes="0"/>
                  <Group type="103" groupAlignment="3" attributes="0">
                      <Component id="jLabel7" alignment="3" min="-2" max="-2" attributes="0"/>
                      <Component id="jT0Id" alignment="3" min="-2" max="-2" attributes="0"/>
                  </Group>
                  <EmptySpace type="separate" max="-2" attributes="0"/>
                  <Group type="103" groupAlignment="3" attributes="0">
                      <Component id="jLabel1" alignment="3" min="-2" max="-2" attributes="0"/>
                      <Component id="jT1Nome" alignment="3" min="-2" max="-2" attributes="0"/>
                  </Group>
                  <EmptySpace type="unrelated" max="-2" attributes="0"/>
                  <Group type="103" groupAlignment="3" attributes="0">
                      <Component id="jLabel2" alignment="3" min="-2" max="-2" attributes="0"/>
                      <Component id="jT2DataAno" alignment="3" min="-2" max="-2" attributes="0"/>
                      <Component id="jT2DataDia" alignment="3" min="-2" max="-2" attributes="0"/>
                      <Component id="jT2DataMes" alignment="3" min="-2" max="-2" attributes="0"/>
                      <Component id="jLabel9" alignment="3" min="-2" max="-2" attributes="0"/>
                      <Component id="jLabel10" alignment="3" min="-2" max="-2" attributes="0"/>
                  </Group>
                  <EmptySpace type="unrelated" max="-2" attributes="0"/>
                  <Group type="103" groupAlignment="3" attributes="0">
                      <Component id="jLabel3" alignment="3" min="-2" max="-2" attributes="0"/>
                      <Component id="jT3Sexo" alignment="3" min="-2" max="-2" attributes="0"/>
                  </Group>
                  <EmptySpace type="unrelated" max="-2" attributes="0"/>
                  <Group type="103" groupAlignment="3" attributes="0">
                      <Component id="jLabel4" alignment="3" min="-2" max="-2" attributes="0"/>
                      <Component id="jT4Cpf" alignment="3" min="-2" max="-2" attributes="0"/>
                  </Group>
                  <EmptySpace type="unrelated" max="-2" attributes="0"/>
                  <Group type="103" groupAlignment="3" attributes="0">
                      <Component id="jLabel5" alignment="3" min="-2" max="-2" attributes="0"/>
                      <Component id="jT5Endereco" alignment="3" min="-2" max="-2" attributes="0"/>
                  </Group>
                  <EmptySpace type="unrelated" max="-2" attributes="0"/>
                  <Group type="103" groupAlignment="3" attributes="0">
                      <Component id="jLabel6" alignment="3" min="-2" max="-2" attributes="0"/>
                      <Component id="jT6Fone" alignment="3" min="-2" max="-2" attributes="0"/>
                  </Group>
                  <EmptySpace max="-2" attributes="0"/>
              </Group>
          </Group>
        </DimensionLayout>
      </Layout>
      <SubComponents>
        <Component class="javax.swing.JLabel" name="jLabel1">
          <Properties>
            <Property name="text" type="java.lang.String" value="Nome:"/>
          </Properties>
        </Component>
        <Component class="javax.swing.JLabel" name="jLabel2">
          <Properties>
            <Property name="text" type="java.lang.String" value="Data de Nascimento: "/>
          </Properties>
        </Component>
        <Component class="javax.swing.JLabel" name="jLabel3">
          <Properties>
            <Property name="text" type="java.lang.String" value="Sexo: "/>
          </Properties>
        </Component>
        <Component class="javax.swing.JLabel" name="jLabel4">
          <Properties>
            <Property name="text" type="java.lang.String" value="Cpf: "/>
          </Properties>
        </Component>
        <Component class="javax.swing.JLabel" name="jLabel5">
          <Properties>
            <Property name="text" type="java.lang.String" value="Endere&#xe7;o: "/>
          </Properties>
        </Component>
        <Component class="javax.swing.JLabel" name="jLabel6">
          <Properties>
            <Property name="text" type="java.lang.String" value="Fone: "/>
          </Properties>
        </Component>
        <Component class="javax.swing.JLabel" name="jLabel7">
          <Properties>
            <Property name="text" type="java.lang.String" value="ID: "/>
          </Properties>
        </Component>
        <Component class="javax.swing.JTextField" name="jT1Nome">
        </Component>
        <Component class="javax.swing.JTextField" name="jT2DataAno">
        </Component>
        <Component class="javax.swing.JTextField" name="jT3Sexo">
        </Component>
        <Component class="javax.swing.JTextField" name="jT4Cpf">
        </Component>
        <Component class="javax.swing.JTextField" name="jT5Endereco">
        </Component>
        <Component class="javax.swing.JTextField" name="jT6Fone">
        </Component>
        <Component class="javax.swing.JTextField" name="jT0Id">
        </Component>
        <Component class="javax.swing.JTextField" name="jT2DataDia">
        </Component>
        <Component class="javax.swing.JTextField" name="jT2DataMes">
        </Component>
        <Component class="javax.swing.JLabel" name="jLabel9">
          <Properties>
            <Property name="text" type="java.lang.String" value="/"/>
          </Properties>
        </Component>
        <Component class="javax.swing.JLabel" name="jLabel10">
          <Properties>
            <Property name="text" type="java.lang.String" value="/"/>
          </Properties>
        </Component>
      </SubComponents>
    </Container>
    <Container class="javax.swing.JPanel" name="jPanel2">
      <Properties>
        <Property name="border" type="javax.swing.border.Border" editor="org.netbeans.modules.form.editors2.BorderEditor">
          <Border info="org.netbeans.modules.form.compat2.border.TitledBorderInfo">
            <TitledBorder title="Pesquisar Cliente"/>
          </Border>
        </Property>
      </Properties>

      <Layout>
        <DimensionLayout dim="0">
          <Group type="103" groupAlignment="0" attributes="0">
              <Group type="102" attributes="0">
                  <EmptySpace max="-2" attributes="0"/>
                  <Group type="103" groupAlignment="0" attributes="0">
                      <Component id="jScrollPane1" max="32767" attributes="0"/>
                      <Group type="102" attributes="0">
                          <Component id="jLabel8" min="-2" max="-2" attributes="0"/>
                          <EmptySpace max="32767" attributes="0"/>
                          <Component id="jTPesquisar" min="-2" pref="415" max="-2" attributes="0"/>
                          <EmptySpace min="-2" pref="49" max="-2" attributes="0"/>
                          <Component id="jBPesquisar" min="-2" pref="126" max="-2" attributes="0"/>
                      </Group>
                  </Group>
                  <EmptySpace max="-2" attributes="0"/>
              </Group>
          </Group>
        </DimensionLayout>
        <DimensionLayout dim="1">
          <Group type="103" groupAlignment="0" attributes="0">
              <Group type="102" alignment="0" attributes="0">
                  <Group type="103" groupAlignment="3" attributes="0">
                      <Component id="jBPesquisar" alignment="3" min="-2" pref="44" max="-2" attributes="0"/>
                      <Component id="jTPesquisar" alignment="3" min="-2" max="-2" attributes="0"/>
                      <Component id="jLabel8" alignment="3" min="-2" max="-2" attributes="0"/>
                  </Group>
                  <EmptySpace min="-2" pref="8" max="-2" attributes="0"/>
                  <Component id="jScrollPane1" min="-2" pref="195" max="-2" attributes="0"/>
                  <EmptySpace max="32767" attributes="0"/>
              </Group>
          </Group>
        </DimensionLayout>
      </Layout>
      <SubComponents>
        <Component class="javax.swing.JTextField" name="jTPesquisar">
        </Component>
        <Component class="javax.swing.JButton" name="jBPesquisar">
          <Properties>
            <Property name="text" type="java.lang.String" value="Pesquisar"/>
          </Properties>
          <Events>
            <EventHandler event="actionPerformed" listener="java.awt.event.ActionListener" parameters="java.awt.event.ActionEvent" handler="jBPesquisarActionPerformed"/>
          </Events>
        </Component>
        <Container class="javax.swing.JScrollPane" name="jScrollPane1">
          <AuxValues>
            <AuxValue name="autoScrollPane" type="java.lang.Boolean" value="true"/>
          </AuxValues>

          <Layout class="org.netbeans.modules.form.compat2.layouts.support.JScrollPaneSupportLayout"/>
          <SubComponents>
            <Component class="javax.swing.JTable" name="jTablePesquisa">
              <Properties>
                <Property name="model" type="javax.swing.table.TableModel" editor="org.netbeans.modules.form.RADConnectionPropertyEditor">
                  <Connection code="tmCliente" type="code"/>
                </Property>
              </Properties>
              <Events>
                <EventHandler event="mouseClicked" listener="java.awt.event.MouseListener" parameters="java.awt.event.MouseEvent" handler="jTablePesquisaMouseClicked"/>
              </Events>
            </Component>
          </SubComponents>
        </Container>
        <Component class="javax.swing.JLabel" name="jLabel8">
          <Properties>
            <Property name="text" type="java.lang.String" value="Nome:"/>
          </Properties>
        </Component>
      </SubComponents>
    </Container>
    <Container class="javax.swing.JPanel" name="jPanel3">
      <Properties>
        <Property name="border" type="javax.swing.border.Border" editor="org.netbeans.modules.form.editors2.BorderEditor">
          <Border info="org.netbeans.modules.form.compat2.border.EtchedBorderInfo">
            <EtchetBorder/>
          </Border>
        </Property>
      </Properties>

      <Layout>
        <DimensionLayout dim="0">
          <Group type="103" groupAlignment="0" attributes="0">
              <Group type="102" alignment="0" attributes="0">
                  <EmptySpace max="-2" attributes="0"/>
                  <Group type="103" groupAlignment="0" attributes="0">
                      <Component id="jBExcluir" max="32767" attributes="0"/>
                      <Component id="jBAlterar" alignment="0" max="32767" attributes="0"/>
                      <Component id="jBNovo" alignment="0" max="32767" attributes="0"/>
                      <Component id="jBCadastrar" pref="135" max="32767" attributes="0"/>
                      <Component id="jBSair" alignment="0" max="32767" attributes="0"/>
                  </Group>
                  <EmptySpace max="-2" attributes="0"/>
              </Group>
          </Group>
        </DimensionLayout>
        <DimensionLayout dim="1">
          <Group type="103" groupAlignment="0" attributes="0">
              <Group type="102" alignment="0" attributes="0">
                  <EmptySpace max="-2" attributes="0"/>
                  <Component id="jBExcluir" linkSize="5" min="-2" pref="40" max="-2" attributes="0"/>
                  <EmptySpace type="separate" max="-2" attributes="0"/>
                  <Component id="jBAlterar" linkSize="5" min="-2" max="-2" attributes="0"/>
                  <EmptySpace type="separate" max="-2" attributes="0"/>
                  <Component id="jBNovo" linkSize="5" min="-2" max="-2" attributes="0"/>
                  <EmptySpace type="separate" max="-2" attributes="0"/>
                  <Component id="jBCadastrar" linkSize="5" min="-2" max="-2" attributes="0"/>
                  <EmptySpace pref="44" max="32767" attributes="0"/>
                  <Component id="jBSair" linkSize="5" min="-2" max="-2" attributes="0"/>
                  <EmptySpace max="-2" attributes="0"/>
              </Group>
          </Group>
        </DimensionLayout>
      </Layout>
      <SubComponents>
        <Component class="javax.swing.JButton" name="jBExcluir">
          <Properties>
            <Property name="text" type="java.lang.String" value="Excluir"/>
          </Properties>
          <Events>
            <EventHandler event="actionPerformed" listener="java.awt.event.ActionListener" parameters="java.awt.event.ActionEvent" handler="jBExcluirActionPerformed"/>
          </Events>
        </Component>
        <Component class="javax.swing.JButton" name="jBAlterar">
          <Properties>
            <Property name="text" type="java.lang.String" value="Alterar"/>
          </Properties>
          <Events>
            <EventHandler event="actionPerformed" listener="java.awt.event.ActionListener" parameters="java.awt.event.ActionEvent" handler="jBAlterarActionPerformed"/>
          </Events>
        </Component>
        <Component class="javax.swing.JButton" name="jBNovo">
          <Properties>
            <Property name="text" type="java.lang.String" value="Novo"/>
          </Properties>
          <Events>
            <EventHandler event="actionPerformed" listener="java.awt.event.ActionListener" parameters="java.awt.event.ActionEvent" handler="jBNovoActionPerformed"/>
          </Events>
        </Component>
        <Component class="javax.swing.JButton" name="jBCadastrar">
          <Properties>
            <Property name="text" type="java.lang.String" value="Cadastrar"/>
          </Properties>
          <Events>
            <EventHandler event="actionPerformed" listener="java.awt.event.ActionListener" parameters="java.awt.event.ActionEvent" handler="jBCadastrarActionPerformed"/>
          </Events>
        </Component>
        <Component class="javax.swing.JButton" name="jBSair">
          <Properties>
            <Property name="text" type="java.lang.String" value="Sair"/>
          </Properties>
          <Events>
            <EventHandler event="actionPerformed" listener="java.awt.event.ActionListener" parameters="java.awt.event.ActionEvent" handler="jBSairActionPerformed"/>
          </Events>
        </Component>
      </SubComponents>
    </Container>
  </SubComponents>
</Form>