<?xml version="1.0" encoding="UTF-8" ?>

<Form version="1.5" maxVersion="1.9" type="org.netbeans.modules.form.forminfo.JFrameFormInfo">
  <NonVisualComponents>
    <Component class="javax.swing.ButtonGroup" name="bGPesquisa">
    </Component>
  </NonVisualComponents>
  <Properties>
    <Property name="defaultCloseOperation" type="int" value="2"/>
    <Property name="title" type="java.lang.String" value="Empr&#xe9;stimos"/>
  </Properties>
  <SyntheticProperties>
    <SyntheticProperty name="formSizePolicy" type="int" value="1"/>
    <SyntheticProperty name="generateCenter" type="boolean" value="true"/>
  </SyntheticProperties>
  <Events>
    <EventHandler event="windowClosed" listener="java.awt.event.WindowListener" parameters="java.awt.event.WindowEvent" handler="formWindowClosed"/>
  </Events>
  <AuxValues>
    <AuxValue name="FormSettings_autoResourcing" type="java.lang.Integer" value="0"/>
    <AuxValue name="FormSettings_autoSetComponentName" type="java.lang.Boolean" value="false"/>
    <AuxValue name="FormSettings_generateFQN" type="java.lang.Boolean" value="true"/>
    <AuxValue name="FormSettings_generateMnemonicsCode" type="java.lang.Boolean" value="false"/>
    <AuxValue name="FormSettings_i18nAutoMode" type="java.lang.Boolean" value="false"/>
    <AuxValue name="FormSettings_layoutCodeTarget" type="java.lang.Integer" value="1"/>
    <AuxValue name="FormSettings_listenerGenerationStyle" type="java.lang.Integer" value="0"/>
    <AuxValue name="FormSettings_variablesLocal" type="java.lang.Boolean" value="false"/>
    <AuxValue name="FormSettings_variablesModifier" type="java.lang.Integer" value="2"/>
  </AuxValues>

  <Layout>
    <DimensionLayout dim="0">
      <Group type="103" groupAlignment="0" attributes="0">
          <Group type="102" attributes="0">
              <EmptySpace max="-2" attributes="0"/>
              <Group type="103" groupAlignment="0" attributes="0">
                  <Group type="102" attributes="0">
                      <Component id="jPanel1" min="-2" max="-2" attributes="0"/>
                      <EmptySpace max="32767" attributes="0"/>
                      <Group type="103" groupAlignment="0" max="-2" attributes="0">
                          <Component id="jPanel3" max="32767" attributes="0"/>
                          <Component id="jPanel4" max="32767" attributes="0"/>
                      </Group>
                  </Group>
                  <Group type="102" alignment="1" attributes="0">
                      <EmptySpace min="0" pref="0" max="32767" attributes="0"/>
                      <Component id="jPanel2" min="-2" max="-2" attributes="0"/>
                  </Group>
              </Group>
              <EmptySpace max="-2" attributes="0"/>
          </Group>
      </Group>
    </DimensionLayout>
    <DimensionLayout dim="1">
      <Group type="103" groupAlignment="0" attributes="0">
          <Group type="102" alignment="1" attributes="0">
              <EmptySpace max="-2" attributes="0"/>
              <Component id="jPanel2" max="32767" attributes="0"/>
              <EmptySpace type="unrelated" max="-2" attributes="0"/>
              <Group type="103" groupAlignment="0" max="-2" attributes="0">
                  <Group type="102" alignment="0" attributes="0">
                      <EmptySpace min="-2" pref="14" max="-2" attributes="0"/>
                      <Component id="jPanel4" min="-2" max="-2" attributes="0"/>
                      <EmptySpace type="unrelated" max="-2" attributes="0"/>
                      <Component id="jPanel3" min="-2" max="-2" attributes="0"/>
                  </Group>
                  <Component id="jPanel1" min="-2" max="-2" attributes="0"/>
              </Group>
              <EmptySpace min="-2" max="-2" attributes="0"/>
          </Group>
      </Group>
    </DimensionLayout>
  </Layout>
  <SubComponents>
    <Container class="javax.swing.JPanel" name="jPanel1">
      <Properties>
        <Property name="border" type="javax.swing.border.Border" editor="org.netbeans.modules.form.editors2.BorderEditor">
          <Border info="org.netbeans.modules.form.compat2.border.TitledBorderInfo">
            <TitledBorder title="Dados Empr&#xe9;stimos"/>
          </Border>
        </Property>
      </Properties>
      <AccessibilityProperties>
        <Property name="AccessibleContext.accessibleName" type="java.lang.String" value="Cadastro de Clientes"/>
      </AccessibilityProperties>

      <Layout>
        <DimensionLayout dim="0">
          <Group type="103" groupAlignment="0" attributes="0">
              <Group type="102" attributes="0">
                  <EmptySpace max="-2" attributes="0"/>
                  <Group type="103" groupAlignment="0" attributes="0">
                      <Component id="jLabel4" alignment="0" min="-2" max="-2" attributes="0"/>
                      <Component id="jLabel5" alignment="0" min="-2" max="-2" attributes="0"/>
                      <Component id="jLabel3" alignment="0" min="-2" max="-2" attributes="0"/>
                      <Component id="jLabel2" alignment="0" min="-2" max="-2" attributes="0"/>
                      <Component id="jLabel1" alignment="0" min="-2" max="-2" attributes="0"/>
                  </Group>
                  <EmptySpace pref="27" max="32767" attributes="0"/>
                  <Group type="103" groupAlignment="0" attributes="0">
                      <Group type="103" alignment="0" groupAlignment="0" max="-2" attributes="0">
                          <Component id="jT3DataEmprestimo" max="32767" attributes="0"/>
                          <Component id="jT4DataDevolucao" min="-2" pref="108" max="-2" attributes="0"/>
                      </Group>
                      <Group type="103" alignment="0" groupAlignment="1" max="-2" attributes="0">
                          <Component id="jT1IdCliente" alignment="0" max="32767" attributes="0"/>
                          <Component id="jT2IdLivro" alignment="0" max="32767" attributes="0"/>
                          <Component id="jT0IdEmprestimo" min="-2" pref="108" max="-2" attributes="0"/>
                      </Group>
                  </Group>
                  <EmptySpace max="-2" attributes="0"/>
              </Group>
          </Group>
        </DimensionLayout>
        <DimensionLayout dim="1">
          <Group type="103" groupAlignment="0" attributes="0">
              <Group type="102" alignment="0" attributes="0">
                  <EmptySpace max="32767" attributes="0"/>
                  <Group type="103" groupAlignment="3" attributes="0">
                      <Component id="jLabel1" alignment="3" min="-2" max="-2" attributes="0"/>
                      <Component id="jT0IdEmprestimo" linkSize="11" alignment="3" min="-2" max="-2" attributes="0"/>
                  </Group>
                  <EmptySpace type="unrelated" max="-2" attributes="0"/>
                  <Group type="103" groupAlignment="3" attributes="0">
                      <Component id="jLabel2" alignment="3" min="-2" max="-2" attributes="0"/>
                      <Component id="jT1IdCliente" linkSize="11" alignment="3" min="-2" max="-2" attributes="0"/>
                  </Group>
                  <EmptySpace type="unrelated" max="-2" attributes="0"/>
                  <Group type="103" groupAlignment="3" attributes="0">
                      <Component id="jLabel3" alignment="3" min="-2" max="-2" attributes="0"/>
                      <Component id="jT2IdLivro" linkSize="11" alignment="3" min="-2" max="-2" attributes="0"/>
                  </Group>
                  <EmptySpace type="unrelated" max="-2" attributes="0"/>
                  <Group type="103" groupAlignment="3" attributes="0">
                      <Component id="jLabel4" alignment="3" min="-2" max="-2" attributes="0"/>
                      <Component id="jT3DataEmprestimo" linkSize="11" alignment="3" min="-2" max="-2" attributes="0"/>
                  </Group>
                  <EmptySpace type="unrelated" max="-2" attributes="0"/>
                  <Group type="103" groupAlignment="3" attributes="0">
                      <Component id="jLabel5" alignment="3" min="-2" max="-2" attributes="0"/>
                      <Component id="jT4DataDevolucao" linkSize="11" alignment="3" min="-2" max="-2" attributes="0"/>
                  </Group>
                  <EmptySpace max="-2" attributes="0"/>
              </Group>
          </Group>
        </DimensionLayout>
      </Layout>
      <SubComponents>
        <Component class="javax.swing.JLabel" name="jLabel1">
          <Properties>
            <Property name="text" type="java.lang.String" value="ID: "/>
          </Properties>
        </Component>
        <Component class="javax.swing.JLabel" name="jLabel2">
          <Properties>
            <Property name="text" type="java.lang.String" value="ID do cliente: "/>
          </Properties>
        </Component>
        <Component class="javax.swing.JLabel" name="jLabel3">
          <Properties>
            <Property name="text" type="java.lang.String" value="ID do livro: "/>
          </Properties>
        </Component>
        <Component class="javax.swing.JLabel" name="jLabel4">
          <Properties>
            <Property name="text" type="java.lang.String" value="Data do emprestimo:(d/m/a)"/>
          </Properties>
        </Component>
        <Component class="javax.swing.JTextField" name="jT0IdEmprestimo">
        </Component>
        <Component class="javax.swing.JTextField" name="jT1IdCliente">
        </Component>
        <Component class="javax.swing.JTextField" name="jT2IdLivro">
        </Component>
        <Component class="javax.swing.JLabel" name="jLabel5">
          <Properties>
            <Property name="text" type="java.lang.String" value="Data de Devolu&#xe7;&#xe3;o: (d/m/a)"/>
          </Properties>
        </Component>
        <Component class="javax.swing.JTextField" name="jT4DataDevolucao">
        </Component>
        <Component class="javax.swing.JTextField" name="jT3DataEmprestimo">
        </Component>
      </SubComponents>
    </Container>
    <Container class="javax.swing.JPanel" name="jPanel2">
      <Properties>
        <Property name="border" type="javax.swing.border.Border" editor="org.netbeans.modules.form.editors2.BorderEditor">
          <Border info="org.netbeans.modules.form.compat2.border.TitledBorderInfo">
            <TitledBorder title="Pesquisar Empr&#xe9;stimos"/>
          </Border>
        </Property>
      </Properties>

      <Layout>
        <DimensionLayout dim="0">
          <Group type="103" groupAlignment="0" attributes="0">
              <Group type="102" attributes="0">
                  <EmptySpace max="-2" attributes="0"/>
                  <Group type="103" groupAlignment="0" attributes="0">
                      <Component id="jScrollPane1" max="32767" attributes="0"/>
                      <Group type="102" alignment="1" attributes="0">
                          <Group type="103" groupAlignment="1" attributes="0">
                              <Group type="102" alignment="1" attributes="0">
                                  <Component id="jLabel6" min="-2" max="-2" attributes="0"/>
                                  <EmptySpace type="separate" max="-2" attributes="0"/>
                                  <Component id="jRClientes" min="-2" max="-2" attributes="0"/>
                                  <EmptySpace type="separate" max="-2" attributes="0"/>
                                  <Component id="jRLivros" min="-2" max="-2" attributes="0"/>
                                  <EmptySpace min="0" pref="0" max="32767" attributes="0"/>
                              </Group>
                              <Component id="jTPesquisar" max="32767" attributes="0"/>
                          </Group>
                          <EmptySpace type="separate" max="-2" attributes="0"/>
                          <Component id="jBPesquisar" min="-2" pref="126" max="-2" attributes="0"/>
                      </Group>
                      <Group type="102" alignment="0" attributes="0">
                          <Group type="103" groupAlignment="0" attributes="0">
                              <Group type="102" attributes="0">
                                  <Component id="jLabel8" min="-2" max="-2" attributes="0"/>
                                  <EmptySpace min="0" pref="124" max="32767" attributes="0"/>
                              </Group>
                              <Component id="jScrollPane3" pref="0" max="32767" attributes="0"/>
                          </Group>
                          <EmptySpace type="separate" max="-2" attributes="0"/>
                          <Group type="103" groupAlignment="0" attributes="0">
                              <Component id="jLabel9" min="-2" max="-2" attributes="0"/>
                              <Component id="jScrollPane2" min="-2" max="-2" attributes="0"/>
                          </Group>
                      </Group>
                      <Group type="102" alignment="0" attributes="0">
                          <Component id="jLabel11" min="-2" max="-2" attributes="0"/>
                          <EmptySpace min="0" pref="0" max="32767" attributes="0"/>
                      </Group>
                  </Group>
                  <EmptySpace max="-2" attributes="0"/>
              </Group>
          </Group>
        </DimensionLayout>
        <DimensionLayout dim="1">
          <Group type="103" groupAlignment="0" attributes="0">
              <Group type="102" alignment="0" attributes="0">
                  <Group type="103" groupAlignment="3" attributes="0">
                      <Component id="jRClientes" alignment="3" min="-2" max="-2" attributes="0"/>
                      <Component id="jRLivros" alignment="3" min="-2" max="-2" attributes="0"/>
                      <Component id="jLabel6" alignment="3" min="-2" max="-2" attributes="0"/>
                  </Group>
                  <EmptySpace max="-2" attributes="0"/>
                  <Group type="103" groupAlignment="3" attributes="0">
                      <Component id="jTPesquisar" alignment="3" min="-2" max="-2" attributes="0"/>
                      <Component id="jBPesquisar" alignment="3" min="-2" pref="44" max="-2" attributes="0"/>
                  </Group>
                  <EmptySpace max="-2" attributes="0"/>
                  <Group type="103" groupAlignment="3" attributes="0">
                      <Component id="jLabel8" alignment="3" min="-2" max="-2" attributes="0"/>
                      <Component id="jLabel9" alignment="3" min="-2" max="-2" attributes="0"/>
                  </Group>
                  <EmptySpace max="-2" attributes="0"/>
                  <Group type="103" groupAlignment="0" max="-2" attributes="0">
                      <Component id="jScrollPane2" pref="0" max="32767" attributes="0"/>
                      <Component id="jScrollPane3" min="-2" pref="108" max="-2" attributes="0"/>
                  </Group>
                  <EmptySpace type="separate" max="-2" attributes="0"/>
                  <Component id="jLabel11" min="-2" max="-2" attributes="0"/>
                  <EmptySpace type="unrelated" max="-2" attributes="0"/>
                  <Component id="jScrollPane1" min="-2" pref="140" max="-2" attributes="0"/>
                  <EmptySpace min="-2" pref="17" max="-2" attributes="0"/>
              </Group>
          </Group>
        </DimensionLayout>
      </Layout>
      <SubComponents>
        <Component class="javax.swing.JTextField" name="jTPesquisar">
        </Component>
        <Component class="javax.swing.JButton" name="jBPesquisar">
          <Properties>
            <Property name="text" type="java.lang.String" value="Pesquisar"/>
          </Properties>
          <Events>
            <EventHandler event="actionPerformed" listener="java.awt.event.ActionListener" parameters="java.awt.event.ActionEvent" handler="jBPesquisarActionPerformed"/>
          </Events>
        </Component>
        <Container class="javax.swing.JScrollPane" name="jScrollPane1">
          <AuxValues>
            <AuxValue name="autoScrollPane" type="java.lang.Boolean" value="true"/>
          </AuxValues>

          <Layout class="org.netbeans.modules.form.compat2.layouts.support.JScrollPaneSupportLayout"/>
          <SubComponents>
            <Component class="javax.swing.JTable" name="jTableEmprestimo">
              <Properties>
                <Property name="model" type="javax.swing.table.TableModel" editor="org.netbeans.modules.form.RADConnectionPropertyEditor">
                  <Connection code="tmEmprestimo" type="code"/>
                </Property>
              </Properties>
              <Events>
                <EventHandler event="mouseClicked" listener="java.awt.event.MouseListener" parameters="java.awt.event.MouseEvent" handler="jTableEmprestimoMouseClicked"/>
              </Events>
            </Component>
          </SubComponents>
        </Container>
        <Component class="javax.swing.JRadioButton" name="jRClientes">
          <Properties>
            <Property name="buttonGroup" type="javax.swing.ButtonGroup" editor="org.netbeans.modules.form.RADComponent$ButtonGroupPropertyEditor">
              <ComponentRef name="bGPesquisa"/>
            </Property>
            <Property name="text" type="java.lang.String" value="Clientes"/>
          </Properties>
        </Component>
        <Component class="javax.swing.JRadioButton" name="jRLivros">
          <Properties>
            <Property name="buttonGroup" type="javax.swing.ButtonGroup" editor="org.netbeans.modules.form.RADComponent$ButtonGroupPropertyEditor">
              <ComponentRef name="bGPesquisa"/>
            </Property>
            <Property name="text" type="java.lang.String" value="Livros"/>
          </Properties>
        </Component>
        <Component class="javax.swing.JLabel" name="jLabel6">
          <Properties>
            <Property name="text" type="java.lang.String" value="Pesquisar por: "/>
          </Properties>
        </Component>
        <Container class="javax.swing.JScrollPane" name="jScrollPane2">
          <AuxValues>
            <AuxValue name="autoScrollPane" type="java.lang.Boolean" value="true"/>
          </AuxValues>

          <Layout class="org.netbeans.modules.form.compat2.layouts.support.JScrollPaneSupportLayout"/>
          <SubComponents>
            <Component class="javax.swing.JTable" name="jTableLivro">
              <Properties>
                <Property name="model" type="javax.swing.table.TableModel" editor="org.netbeans.modules.form.RADConnectionPropertyEditor">
                  <Connection code="tmLivro" type="code"/>
                </Property>
                <Property name="columnModel" type="javax.swing.table.TableColumnModel" editor="org.netbeans.modules.form.editors2.TableColumnModelEditor">
                  <TableColumnModel selectionModel="0"/>
                </Property>
                <Property name="tableHeader" type="javax.swing.table.JTableHeader" editor="org.netbeans.modules.form.editors2.JTableHeaderEditor">
                  <TableHeader reorderingAllowed="true" resizingAllowed="true"/>
                </Property>
              </Properties>
              <Events>
                <EventHandler event="mouseClicked" listener="java.awt.event.MouseListener" parameters="java.awt.event.MouseEvent" handler="jTableLivroMouseClicked"/>
              </Events>
            </Component>
          </SubComponents>
        </Container>
        <Container class="javax.swing.JScrollPane" name="jScrollPane3">
          <AuxValues>
            <AuxValue name="autoScrollPane" type="java.lang.Boolean" value="true"/>
          </AuxValues>

          <Layout class="org.netbeans.modules.form.compat2.layouts.support.JScrollPaneSupportLayout"/>
          <SubComponents>
            <Component class="javax.swing.JTable" name="jTableCliente">
              <Properties>
                <Property name="model" type="javax.swing.table.TableModel" editor="org.netbeans.modules.form.RADConnectionPropertyEditor">
                  <Connection code="tmCliente" type="code"/>
                </Property>
              </Properties>
              <Events>
                <EventHandler event="mouseClicked" listener="java.awt.event.MouseListener" parameters="java.awt.event.MouseEvent" handler="jTableClienteMouseClicked"/>
              </Events>
            </Component>
          </SubComponents>
        </Container>
        <Component class="javax.swing.JLabel" name="jLabel8">
          <Properties>
            <Property name="text" type="java.lang.String" value="Selecione o cliente abaixo: "/>
          </Properties>
        </Component>
        <Component class="javax.swing.JLabel" name="jLabel9">
          <Properties>
            <Property name="text" type="java.lang.String" value="Selecione o livro abaixo: "/>
          </Properties>
        </Component>
        <Component class="javax.swing.JLabel" name="jLabel11">
          <Properties>
            <Property name="text" type="java.lang.String" value="Empr&#xe9;stimos: "/>
          </Properties>
        </Component>
      </SubComponents>
    </Container>
    <Container class="javax.swing.JPanel" name="jPanel3">
      <Properties>
        <Property name="border" type="javax.swing.border.Border" editor="org.netbeans.modules.form.editors2.BorderEditor">
          <Border info="org.netbeans.modules.form.compat2.border.EtchedBorderInfo">
            <EtchetBorder/>
          </Border>
        </Property>
      </Properties>

      <Layout>
        <DimensionLayout dim="0">
          <Group type="103" groupAlignment="0" attributes="0">
              <Group type="102" alignment="0" attributes="0">
                  <EmptySpace max="-2" attributes="0"/>
                  <Group type="103" groupAlignment="0" attributes="0">
                      <Group type="102" attributes="0">
                          <Component id="jBExcluir" linkSize="7" min="-2" pref="104" max="-2" attributes="0"/>
                          <EmptySpace max="-2" attributes="0"/>
                          <Component id="jBDevolver" linkSize="7" min="-2" pref="135" max="-2" attributes="0"/>
                      </Group>
                      <Group type="102" alignment="0" attributes="0">
                          <Component id="jBNovo" linkSize="7" min="-2" pref="97" max="-2" attributes="0"/>
                          <EmptySpace max="-2" attributes="0"/>
                          <Component id="jBCadastrar" linkSize="7" min="-2" pref="123" max="-2" attributes="0"/>
                          <EmptySpace max="32767" attributes="0"/>
                          <Component id="jBSair" linkSize="7" min="-2" pref="135" max="-2" attributes="0"/>
                      </Group>
                  </Group>
                  <EmptySpace min="3" pref="3" max="-2" attributes="0"/>
              </Group>
          </Group>
        </DimensionLayout>
        <DimensionLayout dim="1">
          <Group type="103" groupAlignment="0" attributes="0">
              <Group type="102" alignment="0" attributes="0">
                  <EmptySpace max="32767" attributes="0"/>
                  <Group type="103" groupAlignment="3" attributes="0">
                      <Component id="jBExcluir" linkSize="5" alignment="3" min="-2" pref="40" max="-2" attributes="0"/>
                      <Component id="jBDevolver" linkSize="5" alignment="3" min="-2" max="-2" attributes="0"/>
                  </Group>
                  <EmptySpace type="unrelated" max="-2" attributes="0"/>
                  <Group type="103" groupAlignment="3" attributes="0">
                      <Component id="jBSair" linkSize="5" alignment="3" min="-2" max="-2" attributes="0"/>
                      <Component id="jBCadastrar" linkSize="5" alignment="3" min="-2" max="-2" attributes="0"/>
                      <Component id="jBNovo" linkSize="5" alignment="3" min="-2" max="-2" attributes="0"/>
                  </Group>
                  <EmptySpace max="-2" attributes="0"/>
              </Group>
          </Group>
        </DimensionLayout>
      </Layout>
      <SubComponents>
        <Component class="javax.swing.JButton" name="jBExcluir">
          <Properties>
            <Property name="text" type="java.lang.String" value="Excluir"/>
          </Properties>
          <Events>
            <EventHandler event="actionPerformed" listener="java.awt.event.ActionListener" parameters="java.awt.event.ActionEvent" handler="jBExcluirActionPerformed"/>
          </Events>
        </Component>
        <Component class="javax.swing.JButton" name="jBNovo">
          <Properties>
            <Property name="text" type="java.lang.String" value="Novo"/>
          </Properties>
          <Events>
            <EventHandler event="actionPerformed" listener="java.awt.event.ActionListener" parameters="java.awt.event.ActionEvent" handler="jBNovoActionPerformed"/>
          </Events>
        </Component>
        <Component class="javax.swing.JButton" name="jBSair">
          <Properties>
            <Property name="text" type="java.lang.String" value="Sair"/>
          </Properties>
          <Events>
            <EventHandler event="actionPerformed" listener="java.awt.event.ActionListener" parameters="java.awt.event.ActionEvent" handler="jBSairActionPerformed"/>
          </Events>
        </Component>
        <Component class="javax.swing.JButton" name="jBCadastrar">
          <Properties>
            <Property name="text" type="java.lang.String" value="Emprestar"/>
          </Properties>
          <Events>
            <EventHandler event="actionPerformed" listener="java.awt.event.ActionListener" parameters="java.awt.event.ActionEvent" handler="jBCadastrarActionPerformed"/>
          </Events>
        </Component>
        <Component class="javax.swing.JButton" name="jBDevolver">
          <Properties>
            <Property name="text" type="java.lang.String" value="Devolver"/>
          </Properties>
          <Events>
            <EventHandler event="mouseClicked" listener="java.awt.event.MouseListener" parameters="java.awt.event.MouseEvent" handler="jBDevolverMouseClicked"/>
          </Events>
        </Component>
      </SubComponents>
    </Container>
    <Container class="javax.swing.JPanel" name="jPanel4">
      <Properties>
        <Property name="border" type="javax.swing.border.Border" editor="org.netbeans.modules.form.editors2.BorderEditor">
          <Border info="org.netbeans.modules.form.compat2.border.EtchedBorderInfo">
            <EtchetBorder/>
          </Border>
        </Property>
      </Properties>

      <Layout>
        <DimensionLayout dim="0">
          <Group type="103" groupAlignment="0" attributes="0">
              <Group type="102" alignment="0" attributes="0">
                  <EmptySpace min="-2" pref="93" max="-2" attributes="0"/>
                  <Component id="jLabel10" min="-2" max="-2" attributes="0"/>
                  <EmptySpace min="0" pref="0" max="32767" attributes="0"/>
              </Group>
              <Group type="102" alignment="1" attributes="0">
                  <EmptySpace max="-2" attributes="0"/>
                  <Component id="jLabel7" max="32767" attributes="0"/>
                  <EmptySpace max="-2" attributes="0"/>
              </Group>
          </Group>
        </DimensionLayout>
        <DimensionLayout dim="1">
          <Group type="103" groupAlignment="0" attributes="0">
              <Group type="102" alignment="0" attributes="0">
                  <EmptySpace max="-2" attributes="0"/>
                  <Component id="jLabel7" min="-2" pref="30" max="-2" attributes="0"/>
                  <EmptySpace min="-2" pref="12" max="-2" attributes="0"/>
                  <Component id="jLabel10" min="-2" max="-2" attributes="0"/>
                  <EmptySpace pref="21" max="32767" attributes="0"/>
              </Group>
          </Group>
        </DimensionLayout>
      </Layout>
      <SubComponents>
        <Component class="javax.swing.JLabel" name="jLabel7">
          <Properties>
            <Property name="text" type="java.lang.String" value="ATEN&#xc7;&#xc3;O! Preencha os campos &quot;cliente&quot; e &quot;livro&quot; clicando"/>
          </Properties>
        </Component>
        <Component class="javax.swing.JLabel" name="jLabel10">
          <Properties>
            <Property name="text" type="java.lang.String" value="no registro,encontrado na &#xe1;rea de pesquisa."/>
          </Properties>
        </Component>
      </SubComponents>
    </Container>
  </SubComponents>
</Form>