<?xml version="1.0" encoding="UTF-8" ?>

<Form version="1.3" maxVersion="1.9" type="org.netbeans.modules.form.forminfo.JFrameFormInfo">
  <NonVisualComponents>
    <Menu class="javax.swing.JMenuBar" name="jMenuBar1">
      <SubComponents>
        <Menu class="javax.swing.JMenu" name="jMenu2">
          <Properties>
            <Property name="text" type="java.lang.String" value="Cliente"/>
          </Properties>
          <SubComponents>
            <MenuItem class="javax.swing.JMenuItem" name="jMCliente">
              <Properties>
                <Property name="text" type="java.lang.String" value="Editar Clientes"/>
              </Properties>
              <Events>
                <EventHandler event="actionPerformed" listener="java.awt.event.ActionListener" parameters="java.awt.event.ActionEvent" handler="jMClienteActionPerformed"/>
              </Events>
            </MenuItem>
          </SubComponents>
        </Menu>
        <Menu class="javax.swing.JMenu" name="jMenu3">
          <Properties>
            <Property name="text" type="java.lang.String" value="Livro"/>
          </Properties>
          <SubComponents>
            <MenuItem class="javax.swing.JMenuItem" name="jMLivro">
              <Properties>
                <Property name="text" type="java.lang.String" value="Editar Livros"/>
              </Properties>
              <Events>
                <EventHandler event="actionPerformed" listener="java.awt.event.ActionListener" parameters="java.awt.event.ActionEvent" handler="jMLivroActionPerformed"/>
              </Events>
            </MenuItem>
          </SubComponents>
        </Menu>
        <Menu class="javax.swing.JMenu" name="jMenu6">
          <Properties>
            <Property name="text" type="java.lang.String" value="Empr&#xe9;stimo"/>
          </Properties>
          <SubComponents>
            <MenuItem class="javax.swing.JMenuItem" name="jMEmprestimo">
              <Properties>
                <Property name="text" type="java.lang.String" value="Editar Emprestimos"/>
              </Properties>
              <Events>
                <EventHandler event="actionPerformed" listener="java.awt.event.ActionListener" parameters="java.awt.event.ActionEvent" handler="jMEmprestimoActionPerformed"/>
              </Events>
            </MenuItem>
          </SubComponents>
        </Menu>
        <Menu class="javax.swing.JMenu" name="jMenu7">
          <Properties>
            <Property name="text" type="java.lang.String" value="Multa"/>
          </Properties>
          <SubComponents>
            <MenuItem class="javax.swing.JMenuItem" name="jMMulta">
              <Properties>
                <Property name="text" type="java.lang.String" value="Editar Multas"/>
              </Properties>
              <Events>
                <EventHandler event="actionPerformed" listener="java.awt.event.ActionListener" parameters="java.awt.event.ActionEvent" handler="jMMultaActionPerformed"/>
              </Events>
            </MenuItem>
          </SubComponents>
        </Menu>
        <Menu class="javax.swing.JMenu" name="jMenu4">
          <Properties>
            <Property name="text" type="java.lang.String" value="Sair"/>
          </Properties>
          <Events>
            <EventHandler event="mouseClicked" listener="java.awt.event.MouseListener" parameters="java.awt.event.MouseEvent" handler="jMenu4MouseClicked"/>
            <EventHandler event="actionPerformed" listener="java.awt.event.ActionListener" parameters="java.awt.event.ActionEvent" handler="jMenu4ActionPerformed"/>
          </Events>
        </Menu>
      </SubComponents>
    </Menu>
  </NonVisualComponents>
  <Properties>
    <Property name="defaultCloseOperation" type="int" value="3"/>
    <Property name="title" type="java.lang.String" value="Biblioteca"/>
  </Properties>
  <SyntheticProperties>
    <SyntheticProperty name="menuBar" type="java.lang.String" value="jMenuBar1"/>
    <SyntheticProperty name="formSizePolicy" type="int" value="1"/>
    <SyntheticProperty name="generateCenter" type="boolean" value="true"/>
  </SyntheticProperties>
  <AuxValues>
    <AuxValue name="FormSettings_autoResourcing" type="java.lang.Integer" value="0"/>
    <AuxValue name="FormSettings_autoSetComponentName" type="java.lang.Boolean" value="false"/>
    <AuxValue name="FormSettings_generateFQN" type="java.lang.Boolean" value="true"/>
    <AuxValue name="FormSettings_generateMnemonicsCode" type="java.lang.Boolean" value="false"/>
    <AuxValue name="FormSettings_i18nAutoMode" type="java.lang.Boolean" value="false"/>
    <AuxValue name="FormSettings_layoutCodeTarget" type="java.lang.Integer" value="1"/>
    <AuxValue name="FormSettings_listenerGenerationStyle" type="java.lang.Integer" value="0"/>
    <AuxValue name="FormSettings_variablesLocal" type="java.lang.Boolean" value="false"/>
    <AuxValue name="FormSettings_variablesModifier" type="java.lang.Integer" value="2"/>
  </AuxValues>

  <Layout>
    <DimensionLayout dim="0">
      <Group type="103" groupAlignment="0" attributes="0">
          <Group type="102" alignment="0" attributes="0">
              <EmptySpace max="-2" attributes="0"/>
              <Component id="jLabel2" max="32767" attributes="0"/>
              <EmptySpace max="-2" attributes="0"/>
          </Group>
      </Group>
    </DimensionLayout>
    <DimensionLayout dim="1">
      <Group type="103" groupAlignment="0" attributes="0">
          <Group type="102" alignment="0" attributes="0">
              <EmptySpace max="-2" attributes="0"/>
              <Component id="jLabel2" max="32767" attributes="0"/>
              <EmptySpace max="-2" attributes="0"/>
          </Group>
      </Group>
    </DimensionLayout>
  </Layout>
  <SubComponents>
    <Component class="javax.swing.JLabel" name="jLabel2">
      <Properties>
        <Property name="icon" type="javax.swing.Icon" editor="org.netbeans.modules.form.editors2.IconEditor">
          <Image iconType="3" name="/utils/imagens/antique-library-302930.jpg"/>
        </Property>
      </Properties>
    </Component>
  </SubComponents>
</Form>